surface,target,subset,n,var_y,noise_ref,noise_ret,r2max_ref,r2max_ref_ret,var_far,r2max_emp
ocean,r10,all,6255477,0.37742917218380867,0.003609099888321105,0.19871934153263338,0.9904376763792825,0.4639300395083924,0.24899964641193703,0.3402745077408226
ocean,r10,near<=5km,1380740,0.8676539919535031,0.006734765543699805,0.20265208155686146,0.9922379593638051,0.7586747147568219,,
ocean,r05,all,9271499,0.521302342750529,0.004998372532236093,0.20177830290918192,0.9904117589307898,0.6033459693459086,0.24919169558454532,0.521982398410596
ocean,r05,near<=5km,3829817,0.9070444642269001,0.008793211454816962,0.20747451461578068,0.9903056445393649,0.7615687713226619,,
ocean,r15,all,4592955,0.3030270345026877,0.0031756044859686063,0.19864919270022066,0.9895203921617745,0.33397098540262693,0.24874454503520121,0.17913414740890066
ocean,r15,near<=5km,527850,0.8326846313772404,0.006445571216779134,0.2017369765356696,0.9922592888425017,0.7499863214622806,,
land,r10,all,4833910,0.8365988097465431,0.0047232484841041355,0.26245641298627176,0.9943542251924371,0.6806358575249216,0.3578858328408047,0.5722133133930346
land,r10,near<=15km,1240021,2.2053771435075866,0.011597276453723916,0.31369782623112485,0.9947413636312206,0.8524991049070743,,
land,r05,all,5052678,1.003479805095904,0.0047603834653610275,0.2676925098513807,0.9952561242974829,0.7284919019464442,0.35740496464762794,0.6438344221451768
land,r05,near<=15km,1494122,2.526904150560837,0.010667550453634574,0.3238993411995144,0.9957784111236404,0.8675981075186833,,
land,r15,all,4463809,0.6627778658287563,0.004528290230302739,0.2566365034106098,0.9931677105350517,0.6059542614412077,0.3579120264814806,0.45998192617078837
land,r15,near<=15km,844663,1.9393383142799023,0.012821475114443214,0.30577426183211714,0.9933887372718648,0.8357193612890289,,
